"ROLE_ADMIN_MANAGE_PLATFORM_READ","Read access- view platform status"
"ROLE_ADMIN_MANAGE_PLATFORM_ADMIN","Admin access - force scan health check"
"ROLE_ADMIN_MANAGE_USERS_READ","Read access - real all users"
"ROLE_ADMIN_MANAGE_USERS_EDIT","Edit access - create/update any user"
"ROLE_ADMIN_MANAGE_USERS_ADMIN","Admin access - delete users"
"ROLE_ADMIN_MANAGE_PROCESS_IMPORT","Import access - import process - import stages"
"ROLE_ADMIN_MANAGE_PROCESS_READ","Read access - view process list/ export/ show history/ read node/actions/templateconfig/sequences/swimlanes - view stages"
"ROLE_ADMIN_MANAGE_PROCESS_EDIT","Create/Edit access- create/ clone/ edit/ edit-settings-general-data/ edit-settings-task-management /edit-settings-swimlane/ crete/edit/delete node/actions/templateconfig/sequences/swimlanes - create/edit stages"
"ROLE_ADMIN_MANAGE_PROCESS_ADMIN","Admin access - publish/ delete/edit-settings-sensitive-data - delete stages"
"ROLE_ADMIN_MANAGE_CONFIG_IMPORT","Import access - import generic parameters menu item"
"ROLE_ADMIN_MANAGE_CONFIG_READ","Read access - view generic parameters menu item/ export generic parameters menu item"
"ROLE_ADMIN_MANAGE_CONFIG_EDIT","Edit access - create/edit generic parameters menu item"
"ROLE_ADMIN_MANAGE_CONFIG_ADMIN","Admin access - delete generic parameters menu item"
"ROLE_ENGINE_MANAGE_PROCESS_EDIT","Edit access - start process by ID - test action rule"
"ROLE_ENGINE_MANAGE_INSTANCE_READ","Read access - view process instances"
"ROLE_ENGINE_MANAGE_INSTANCE_ADMIN","Admin access - token retry"
"ROLE_LICENSE_MANAGE_READ","Read access - view license report"
"ROLE_LICENSE_MANAGE_EDIT","Edit access - update license model - sync license data"
"ROLE_LICENSE_MANAGE_ADMIN","Admin access - download license data"
"ROLE_CMS_CONTENT_IMPORT","Import access - import enumeration/substitution tags/ content models"
"ROLE_CMS_CONTENT_READ","Read access - show enumeration/substitution tags/ content models - export enumeration/substitution tags/ content models"
"ROLE_CMS_CONTENT_EDIT","Edit access - create/edit enumeration/substitution tags/ content models"
"ROLE_CMS_CONTENT_ADMIN","Admin access - delete enumeration/substitution tags/ content models"
"ROLE_CMS_TAXONOMIES_ADMIN","Admin access - create/edit/delete languages/source systems"
"ROLE_TASK_MANAGER_TASKS_READ","Read access - menu item show task management"
"ROLE_TASK_MANAGER_HOOKS_IMPORT","Import access - import hooks"
"ROLE_TASK_MANAGER_HOOKS_READ","Read access - show hooks - export hooks"
"ROLE_TASK_MANAGER_HOOKS_EDIT","Edit access - create/edit hooks"
"ROLE_TASK_MANAGER_HOOKS_ADMIN","Admin access - delete hooks"
"ROLE_NOTIFICATION_TEMPLATES_IMPORT","Import access - clone as draft / import"
"ROLE_NOTIFICATION_TEMPLATES_READ","Read access - show history - export /list-template"
"ROLE_NOTIFICATION_TEMPLATES_EDIT","Edit access - create/edit template"
"ROLE_NOTIFICATION_TEMPLATES_ADMIN","Admin access - publish - delete template"
"ROLE_DOCUMENT_TEMPLATES_IMPORT","Import access - clone as draft - import"
"ROLE_DOCUMENT_TEMPLATES_READ","Read access - show history - export / list-template"
"ROLE_DOCUMENT_TEMPLATES_EDIT","Edit access - create/edit template"
"ROLE_DOCUMENT_TEMPLATES_ADMIN","Admin access - publish - delete template"